repository,num files,"__num__",",",")","(",";","__hex__","*",".","=","__str__","}","{","/",":","__rightarrow__","#","[","]","<","__char__"
zf2,2380,0.019833779697399054,0.023157587367764867,0.04666634808791241,0.04650019848923184,0.028856382971649566,0.00012538737266266947,0.06976278192301022,0.04673732021306284,0.011180446423263988,0.0063587328385324,0.014804231658136208,0.014702124989451528,0.029222379282969346,0.02214994544670062,0.011591940120456433,0.00016513531376337684,0.003294905308946002,0.0033153308901763285,0.005413483591683263,0.032492997062792336
yesod,157,0.013683912494500461,0.02929700461042861,0.042991698456982974,0.04310832129825112,0.0008318632802881838,0,0.0013476508260773224,0.059406053788927236,0.03686946483391801,0.03519408792704955,0.012423513896342891,0.012463270170342636,0.0016695401760534105,0.0033177102105908006,0.012749185980396113,0.018312949559330674,0.013142899544339068,0.01305653373117963,0.0035485809317239267,0.006507098607999199
tornado,168,0.019180582098231296,0.04877768242977379,0.06313009955674265,0.06289510041049166,0.001114771336542001,0.0001671334184424996,0.0009869855627547563,0.08468523590349161,0.027202409824385952,0.0274689200447282,0.0015800131118019454,0.0016318680929248298,0.0004030783819695547,0.032982755904646666,0.00001366792411568531,0.025069656830047953,0.005761070731050211,0.005850068106933019,0.0012081098230269519,0.02630264425197212
symfony,2767,0.0068033007865637525,0.030722941004893308,0.055915962658959956,0.05576405234597699,0.037854749860844986,0.000008920304442743812,0.06470128137282437,0.02319406633949098,0.013586041166796629,0.0014489713490591185,0.019624491564481376,0.01942445357135676,0.023759487697854034,0.0015245633423224803,0.026438658100046544,0.0000821182937823356,0.003460642687478214,0.00347650836334323,0.014234913468040414,0.028419708601493513
storm,450,0.009326086443606635,0.024705542988574462,0.04267107073255867,0.04268550892488411,0.042710647044709844,0.0000050677815786139615,0.05137239588899759,0.08125150609679303,0.0088671039327469,0.008261661597133579,0.016652309029584277,0.01662832749533535,0.008519081132236978,0.004103744138208267,0.000014876016887590469,0.00002080320415295274,0.000966251131611283,0.000966251131611283,0.006819933800338842,0.00011869721580102912
revel,108,0.01389419840864761,0.04689295442242627,0.08006135348395009,0.08004994594143879,0.003273076209944502,0.00008280081768351621,0.013673723948841747,0.08374507723583893,0.009310658723597855,0.04065873485794983,0.04072929486197054,0.04064944112118183,0.00021307120898007547,0.009038200420668477,0,0.00002588102405657108,0.009133909337845915,0.00911040867982749,0.0006586648937763269,0.0002838386015685648
requests,76,0.10780405342354893,0.12574349728310494,0.03862490999665567,0.03870400651724143,0.0024911071806948833,0.0005672919145023157,0.001866384948485908,0.04840874681859191,0.021867905961068523,0.01787099857202291,0.0011249926772335709,0.0010966351454731352,0.00046246362669720697,0.02994964474341178,0.00023890032343428405,0.08740668026648253,0.005047339241870885,0.00513982064206689,0.0003631045238252766,0.023080202321895758
redis,141,0.03561980028364689,0.05511121188757179,0.06792736409284018,0.06774210338850391,0.05643126886784921,0.0034997600073023425,0.04925499359405746,0.015035721068909567,0.02185074424826468,0.020025879714231462,0.01610501979506311,0.015906826760557078,0.01938864493975056,0.003945146714806672,0.014874236357855616,0.017326319639367153,0.007060200794799325,0.007022351628536698,0.004200048512672797,0.004350724912485466
rails,1709,0.014470073677479788,0.04073171503107032,0.03038322052307878,0.030251249197654147,0.0010667133064402256,0.00002623885140248561,0.0021388113761257777,0.057560592862101974,0.022824316995593428,0.02626180200360996,0.006988893776210812,0.006970284916531825,0.0011452118075784173,0.045540148374232356,0.00044473002775329153,0.024915865812971113,0.009676429873783846,0.009709868808521826,0.014783014357150978,0.030010544317023366
pandoc,74,0.019316605452942524,0.05222743645810801,0.049775546505858984,0.04984086097353624,0.0027641785984813855,0.00033293285050218265,0.0009490330676940998,0.0392539208872378,0.033917201770667794,0.05498103915270492,0.005661277699586505,0.005565962403231625,0.001137635857540182,0.01173005475367154,0.017277944308210703,0.00427532351443661,0.016063775034413284,0.01617007153416934,0.009431562042394146,0.017127775592074852
node,3919,0.028187321586282784,0.0663880351934993,0.053637723613081785,0.05340628545662533,0.03950992805716076,0.0005795661623868265,0.003840496586733225,0.04427014178420643,0.019876292925052576,0.014031609931198593,0.013294582188537254,0.01321482642108285,0.001043190056477752,0.007691264737719102,0.00003450710342920721,0.00011933897174936065,0.005176413239546045,0.005189121244288136,0.0011081147828287743,0.018308420470169274
neovim,68,0.029740538231879596,0.04317477366930047,0.058652592077621274,0.05859046874647331,0.0516513818275901,0.0059211678791579,0.05066764663851696,0.019942382462982383,0.023183266848723547,0.020270916773584866,0.018169252430052345,0.018146250985794424,0.02293560077228822,0.00883174002886229,0.012316008024805175,0.01033570663036479,0.007045251269563671,0.006979837783682399,0.00303130121511622,0.01891789277901094
moonscript,47,0.08788137633675529,0.06507989081170908,0.055637723104339086,0.05533711698169914,0.00009402967914761119,0.0010911074740861974,0.001605303895991845,0.014841252966819766,0.0845140457058658,0.04917266379836717,0.020057053843098725,0.019842434566696095,0.0001572279336690236,0.005076618706260578,0.000030835646006783845,0.0028526644867503228,0.014539177240184633,0.014539177240184633,0.0004577065335159586,0.007840575927087697
martini,16,0.022068636585633097,0.048615367772872724,0.09057972913436466,0.09057972913436466,0.0016750046028404372,0,0.011132369201103422,0.0796730110396145,0.01022412481023639,0.03731736551779071,0.033729303671927655,0.03369526227759214,0.0001588310038119441,0.002950587477552519,0,0.0006211988367655513,0.006651990243765123,0.006651990243765123,0.0015064541009296513,0.000631833787962093
luakit,55,0.02023178858830129,0.050501068355378674,0.06092424764681189,0.060974134466005955,0.011271385392064386,0,0.0009580087886943838,0.06005419225886514,0.04988293857813422,0.04053758510748702,0.012844925880644797,0.012847955678708755,0.0007824215391793464,0.020108734278988495,0.00012466688840255915,0.002279741864619338,0.009779436967000168,0.00975578325731003,0.003715416949926815,0.0020103135712582552
lsyncd,24,0.024985364587613804,0.06601682250081277,0.051110141954022574,0.051110141954022574,0.00976907203649023,0,0.001172300084556825,0.04458011424851408,0.0477155250435942,0.03797574572624532,0.010820975670298896,0.010677895894861384,0.0009561499001860653,0.004709056322970015,0.0003385712310647111,0.001836454301676574,0.008012663173895445,0.008020874972607837,0.0009624317238391035,0.04556022694010809
linux,20060,0.05500276803440842,0.054910692831376944,0.055466486638085025,0.055423909166878955,0.05540347279348887,0.008416289095375284,0.04703935550619686,0.026417140455603203,0.029074175951208477,0.00977992255885365,0.015116051620696963,0.015026641822541913,0.016982867131996066,0.005119800645351981,0.021227387913110272,0.011592309019349746,0.0050998241462443,0.005097828693014249,0.008017320765532606,0.0010255935878611118
lime,77,0.03493514164614072,0.05044455757789748,0.06838670260207384,0.06839734635026333,0.0071663742591339535,0.0011039503327054288,0.011372315374149513,0.07370922477008626,0.010032763902445127,0.028522446719070896,0.0411107138268521,0.040866445823134166,0.0011730456674804595,0.00582341507060733,0,0.00005482513736530981,0.007998702269819847,0.007998702269819847,0.0015816310912316121,0.0062543004255510995
laravel,34,0.004700262750787305,0.03491201253904221,0.022268769150835956,0.019502243949687283,0.01862738401055396,0,0.03200020295634701,0.029375372593097516,0.006803382982058411,0.021990214065795523,0.009925144556260309,0.008485859826739422,0.027695374586546147,0.0037766618251553097,0.005631643779896802,0.0001414027149321267,0.0010082442067736186,0.0010082442067736186,0.02355024454138592,0.040007734481058044
jquery,130,0.014761745631502962,0.05690730397136579,0.08792084197725543,0.08390148074465048,0.06585189444005542,0,0.0038193608595832353,0.05032289941652294,0.02294565369854265,0.056930004243250634,0.03696527518551842,0.0347536196101211,0.002988745508349892,0.017826029141093568,0.00036497145075866234,0.0012690866517700487,0.018625812769730615,0.018584531667303634,0.002097975281706857,0.001217166026153315
jekyll,73,0.009039290501530992,0.03655457687717598,0.04578981474375268,0.04539127504278394,0.0015660788680996378,0,0.0019501051972179379,0.06566158763980752,0.023082502746338496,0.03591106060128808,0.0093195358257531,0.009411773605337632,0.0023799806560949005,0.013989063665121612,0.00008404210719572832,0.023031508065128863,0.012437158732230658,0.012877691250263107,0.007710693916363684,0.04105173441019149
impress.js,1,0.01366120218579235,0.03629976580796253,0.04254488680718189,0.04449648711943794,0.0351288056206089,0,0.00741608118657299,0.060109289617486336,0.026932084309133488,0.01834504293520687,0.01756440281030445,0.01990632318501171,0.00312256049960968,0.03239656518345043,0,0.00039032006245121,0.0039032006245121,0.0039032006245121,0.00039032006245121,0.00897736143637783
httpie,20,0.024437878902644695,0.05649096475587556,0.05552706254161035,0.05545202641128377,0.0002031002608206559,0,0.0016648433564855451,0.07777394848622203,0.0459296240734107,0.03351543004768034,0.0017521573328644585,0.0017521573328644585,0.0013560886103996127,0.043249743602690925,0,0.0478926814750294,0.007573649083548845,0.007501032844929638,0.00007194244604316547,0.044202632917916006
homebrew,2955,0.04093223456322905,0.0547105801050521,0.007948773856224145,0.007880015342566684,0.002456206966755532,0.0003137859309497236,0.002920537714332189,0.03396358657462141,0.007593924133644393,0.09664292513601984,0.003656136804340134,0.0037262402236022305,0.0007910984174264004,0.021668416206965246,0.00018597561584305982,0.010915024945814217,0.005125077436486305,0.005188665243661694,0.02106437248203989,0.11030220178337556
hawkthorne-journey,377,0.05784747403821434,0.11897988946802829,0.02776359533967352,0.027693008852792193,0.00014664706804631041,0,0.0019742267177980223,0.05370862127498661,0.09078611022642895,0.030501667260755084,0.04939890763456737,0.04803463927744203,0.0009651255629438735,0.007853083149822164,0.000002268043777467282,0.0005612262895031732,0.00606361115121514,0.006094643819557742,0.0006283039396934526,0.04300730013221238
gitlabhq,627,0.009847715242054028,0.046269458741931696,0.04094234145275068,0.04087940074794961,0.00009298833086543505,0.000004649843532765122,0.0007265939001824039,0.06125293819117512,0.01581154170990821,0.024122163483195812,0.010856321352901967,0.010804324499880674,0.000708071457907119,0.07099125370300724,0.0003169665953574205,0.019973770786153283,0.00876431985255723,0.00884396699836052,0.008631371229545045,0.02217150184629915
gitit,33,0.011741727633693652,0.04735455369862962,0.04464772051433644,0.04461696789205007,0.0038131918431637455,0,0.0009911178317754449,0.03922415224769048,0.03045282143902617,0.034416428800732285,0.005476912970063349,0.00572459678681133,0.0025710596451514467,0.00787773158547815,0.021298380987159592,0.002501673410749938,0.00769864760682859,0.007835009123870957,0.0038709096230748314,0.01018606551687852
git,349,0.040784651484809115,0.0582740069455188,0.07361143042421438,0.07345604499918396,0.06779185048368133,0.0014824443932093725,0.03989222787269361,0.0128406358932795,0.027498889922285778,0.022802996522265362,0.01661094169088224,0.0163252753196558,0.011426909078522448,0.003370404615654332,0.01534511721756902,0.009160535832252526,0.009720855369833848,0.009707142509214227,0.004002062182006791,0.0073150717547937555
flask,81,0.012792253184086241,0.03609494896367506,0.07055680093056911,0.07039599207156198,0.0003100176566971557,0,0.004207910402492155,0.07535977006996343,0.05129362731967807,0.01661358264312271,0.0012375559140423704,0.0012375559140423704,0.0006729877383836869,0.03417775876613036,0,0.012386970477453534,0.005441238144961688,0.005441238144961688,0.000521218235801462,0.05982496933812414
fay,240,0.05833519376632527,0.0184334949491752,0.05733767337905722,0.057477213571593036,0.0005250414610784436,0,0.0013971462523390311,0.020731732122166332,0.05937432018281696,0.029208951628551087,0.007049103358774458,0.007049103358774458,0.0010259881566822876,0.003198882677924324,0.02202112058724765,0.006043415711122819,0.008977025302680797,0.008969803585827819,0.0008856045621868609,0.004472775646924225
emscripten,949,0.06620330470137772,0.060485793845004306,0.06654973084852721,0.06650073120457961,0.0614910075808158,0.004046043481900296,0.03946762603720648,0.021161158975902483,0.025971463513540117,0.015553886271632487,0.01640160191903144,0.016243480843896287,0.021724200369862664,0.003647872165234807,0.010878783904092207,0.014526448095264514,0.008288746727641572,0.008288763010248959,0.008692403639866375,0.0024559554345417504
elasticsearch,3690,0.010644004078178369,0.02646858916677907,0.05567505132445416,0.05567157233451736,0.04524360862162747,0.000041613119015639754,0.046995526201364206,0.099420506056303,0.010893455958633664,0.01302890649695038,0.018137208460005754,0.018111187404540756,0.011285753599780358,0.0032434369178685127,0.00000792691846865952,0.0002585657404350405,0.0018335763923611197,0.0018329883310347118,0.004752439327501334,0.0002473927378474137
docker,507,0.023794202285452537,0.06186694178476811,0.06728673393592996,0.06725603261297414,0.004467654422778773,0.0031823308265841485,0.010648131169656624,0.06458760332628284,0.010357016495576103,0.040851171159988105,0.033281844372823596,0.03328822356335879,0.0008096712822214289,0.01159388363904851,0.0000491425383693038,0.00028169797242081365,0.009016190584082994,0.009009592586797467,0.0010390948059133488,0.0018300079794064332
django,1782,0.015678948380341125,0.04332525398340933,0.05238940370186601,0.05212508423958349,0.00016961035661404566,0.000004235224361010525,0.0024819229430886416,0.06858785111514948,0.037940968432115516,0.019889905276112355,0.001933873773992881,0.0019175595030965103,0.00017338664743651394,0.024916820043430675,0.000006864989779005401,0.015093257890544543,0.006359194531625974,0.006441569284775048,0.0005970410413692806,0.03682706454460107
devise,159,0.006021923938641738,0.03827635625339695,0.029503806413851755,0.029359860826478314,0.0002668177967214006,0,0.0015523115238796218,0.06377078758621206,0.020858566298074206,0.02164761809634684,0.005834010478390975,0.005875519403344007,0.0005315763042312122,0.053550946250675656,0,0.022036637660296024,0.009801518605967745,0.009861083670400152,0.008649582338267337,0.024176146045266907
d3,477,0.08009080027967952,0.07157295297304836,0.07554773807112049,0.07556310956213759,0.07011844910495602,0.000560491386953255,0.004015495869317863,0.05318546598229746,0.033734994407293314,0.04964995731114176,0.02753135895821281,0.0275986544688974,0.0019977759478110985,0.018576200822697224,0.00000510081766107107,0.000042324648965304526,0.023385905022686903,0.023390183463623024,0.0024147308854534913,0.0007319176953473236
cakephp,664,0.014681658562335548,0.03986028749724998,0.05515134313295206,0.05499655392281028,0.02492751106077974,0.000014379580074442133,0.06368952335548497,0.04769585982592548,0.013927062212581163,0.0012695337437588384,0.01043974681225596,0.010190164092828746,0.018962769201293566,0.011461696965061045,0.017473736513067276,0.000601196597441328,0.005010696517516839,0.0050475126390694194,0.006477009126181213,0.07249448609778689
build-web-application-with-golang,6,0.06733994118782428,0.02307356063444486,0.0865907104011263,0.0865907104011263,0.012651997683844817,0,0.015836711059640993,0.06041929221022515,0.01030689056166763,0.04639690271012864,0.03307163050512619,0.03307163050512619,0.006060606060606061,0.001592356687898089,0,0.003184713375796178,0.004246284501061571,0.004246284501061571,0.006591391623238757,0
angular.js,505,0.028462441613939553,0.13776354126037849,0.05118584296235848,0.05098369431538428,0.03860973155925764,5.024697851911148e-7,0.009706585931537908,0.038025422035691446,0.013772570016859538,0.1581868958836595,0.027657374655345738,0.027221725041080096,0.0021895308005540678,0.07470242880198152,0.00009617262864993189,0.0007932104059721319,0.01570392814204803,0.015813496988015527,0.002686450932065512,0.03455917292758765
SlidingMenu,33,0.008205462823192771,0.022248292240854003,0.07816766124330193,0.0781588650080906,0.06521702222523842,0,0.015604631271781143,0.1370796260343836,0.010760925554672555,0.001861733562203398,0.022501688559087348,0.02247529985345336,0.008862598023871196,0.0014521896212837048,0,0.0028910276987743513,0.00047866563960905645,0.00046986940439772693,0.0011258791167866086,0.00023862276754381065
SDWebImage,18,0.02013912314687673,0.03403831354447296,0.056020059184211046,0.056020059184211046,0.046990474567135974,0.0019700875547102752,0.02368615642012377,0.03659731752169154,0.021188130645853405,0.02128028955509563,0.024922139885692675,0.024673846899969522,0.005797462410207405,0.043902684488175775,0,0.009289271171771528,0.026661053816368144,0.02678520030922972,0.00353118295585054,0.00008462014397768587
RestKit,146,0.02590049562516985,0.02393632503556875,0.0445209405110358,0.0445224978322373,0.04757135900991686,0.00007134658976797587,0.022067382703028268,0.03598750025039876,0.02123658974666071,0.024981818146858095,0.015766122540283905,0.015757171045174483,0.006623093606038802,0.042842667907116626,0,0.007171978697490452,0.03687083702385314,0.0368802843549821,0.000892064284742151,0.00028899845292854086
GPUImage,212,0.058629436758469045,0.03150625893276273,0.057579224971593616,0.05760214519089427,0.07459363400136323,0.00007720347047483449,0.019005566560867264,0.025803161282092205,0.03814149529922176,0.008674795977512657,0.019498857344247396,0.019550975948165735,0.0034341326117386336,0.026159677150799355,0.00016151913441783016,0.013995266720176218,0.027196428778418463,0.027196428778418463,0.0024628605102043188,0.0001526526046565457
Elm,72,0.00988751835137986,0.03045899109187354,0.04679075122931993,0.046986324599009775,0.0003009152778724988,0,0.0023657128340096125,0.06390794270295426,0.03462318279885531,0.024434563382488325,0.004421302542114635,0.004303610549998606,0.0018196010780782662,0.003971782771038388,0.029326702122858754,0.004863651235856497,0.01361572522491187,0.013688697027403994,0.013299689291379084,0.007078395649555053
CodeIgniter,147,0.01640870315194844,0.02387663985063661,0.04032442792504774,0.040039819504920256,0.03622021787665578,0.00010753622961915901,0.0682424950827655,0.026629548140070097,0.02574719914697457,0.012703294780797429,0.01501174746442752,0.014770896162339751,0.025732266855739944,0.010809784972770506,0.013650620609101539,0.0012204307862106183,0.01436282796444857,0.014380676346275682,0.005850212492521008,0.05956726677747682
Android-Universal-Image-Loader,83,0.02374735970412711,0.025327493630013524,0.03896177985100584,0.03886846511694562,0.03877270646454233,0.00016038841572571294,0.052730734498301936,0.07661612864139142,0.010956290774431393,0.009092414864534432,0.020625834986485767,0.020604842406016354,0.016341312440230144,0.004033722644438828,0.00006854218390629522,0.0017685576075393116,0.005117290579704347,0.005117290579704347,0.010502922085497891,0.0006375682888050165
Algorithm-Implementations,192,0.05241129793614167,0.0696842640687025,0.07366703493725416,0.07344846845014488,0.000012298307752853207,0.00014455450689021334,0.0026986073739617687,0.03497546297763127,0.03790910151574378,0.000992245049312649,0.009834786676062515,0.009834786676062515,0.0008298853833643474,0.021452566327734197,0.0005185556383963827,0.0050518771291066964,0.01057655755761192,0.010590299861921506,0.002704844595904763,0.018984819470794192
ActionBarSherlock,158,0.009702781029519037,0.02393462648494343,0.06169683790065081,0.061719652461172204,0.05601691563406501,0.00017434133845577003,0.02897159104916087,0.09727329411714748,0.012574741232719136,0.015838675278336,0.02326741726240865,0.02306910701438433,0.008590363980576386,0.0024229950181128535,0,0.0012093988191586643,0.0009347269578555669,0.0009347269578555669,0.00436337905495481,0.0006978111337119676
AFNetworking,37,0.006679770131830211,0.04222769006687048,0.051191146761230405,0.051191146761230405,0.04276359956000645,0.00001717528407919867,0.02127570710902,0.027384514833400604,0.018471179381861786,0.014048074636010105,0.01796186357682937,0.01796186357682937,0.00010183867076828037,0.044093517230626295,0,0.008055638713496256,0.03384607869050335,0.03384607869050335,0.0012541494272391616,0.000022597216935157518
websocketd,18,0.015615598726510412,0.059677953567263624,0.052897741670263905,0.05286728358059529,0.006066882128926953,0,0.009423407506994299,0.06928005397234255,0.011071337583231138,0.037888419174823634,0.033205634824584544,0.03312944412405634,0.00006875687568756875,0.009460238364909706,0,0.00042641325536062376,0.007253921880534003,0.007253921880534003,0.0016395628130217834,0.0035415615129060474
vagrant,735,0.008595546589798908,0.028973239801592963,0.053116464793586164,0.053028218158958626,0.00018703712154077905,0,0.0007883269123790076,0.07035093039942959,0.017444702640864534,0.05165200972255403,0.006508937190174812,0.006506137061819639,0.0004331165870974968,0.024496365395047345,0.000012759139743266725,0.020012411867512334,0.01283962304756932,0.012767014879723058,0.004433660706696806,0.00390541807514126
textql,1,0.01576182136602452,0.05487448920023351,0.08289550496205488,0.08289550496205488,0.0011675423234092236,0,0.03502626970227671,0.06830122591943957,0.015178050204319907,0.044366608289550497,0.03794512551079977,0.03794512551079977,0,0.0011675423234092236,0,0,0.0099241097489784,0.0099241097489784,0.0005837711617046118,0.0005837711617046118
syncthing,147,0.029283180274077378,0.05914667801257036,0.06959754712531409,0.06959687683189338,0.0026388850077796806,0.01256854061609943,0.007017967919016042,0.07125675108319626,0.01333598592934699,0.03547172814090888,0.03227584080313067,0.03227498505953894,0.0011055756029691496,0.011717286861383088,0.000005849287264346839,0.00011922111476369391,0.014294741401758461,0.014292918104763437,0.002038043810213627,0.0005484454290006495
spring-framework,5659,0.014321378142451796,0.023343781305302458,0.04283349566009709,0.042821183306609924,0.03871046361794539,0.00002212754295027122,0.06313558003966664,0.09160912085374576,0.008234944358395642,0.013220702883703377,0.018292917251592284,0.018177313690914743,0.01605612875293604,0.0029185976958259786,0.000024089692359820025,0.0015941313529297698,0.0011686544475898576,0.0011629513744787128,0.005853954236403666,0.000643073426106331
snabbswitch,54,0.02938751570642699,0.043472480720967606,0.073045777633079,0.07282819646572505,0.0027349959639201608,0.002000200754181816,0.002409456533608558,0.07879189373624469,0.047040696331075355,0.025184961984360044,0.008444132115723651,0.008444132115723651,0.0012985415994890906,0.015446043048786395,0.00019122490350179891,0.0023522262591431945,0.010475143172981103,0.010475143172981103,0.0008740530013661055,0.004504539560046561
shellcheck,8,0.017765932370967318,0.07961454921746207,0.03597995856570874,0.03598712160309499,0.001558352077095427,0,0.00019236621342064684,0.03451196989200281,0.05089885614337881,0.09139732088478339,0.002431369457297221,0.0023671498509687475,0.0010923518432362435,0.00531650854175358,0.01247071486205376,0.0008999856298155967,0.012841701380622409,0.012841701380622409,0.002687095221261834,0.00746391822201558
reveal.js,27,0.02060278080051174,0.04979624869010228,0.0871223153623897,0.08386752650297769,0.05640960068469453,0,0.009818139412301074,0.07600264047805079,0.026675299473698903,0.012512694948227555,0.028758870610204344,0.027777557710905572,0.005109116141379942,0.02075924859368372,0.000002560989976285233,0.00024291203505948176,0.010282503780719095,0.010386383065534245,0.0013329841154398221,0.06340880110834288
reddit,203,0.02031131325551181,0.046626083555623615,0.04686145957416802,0.04681026083355402,0.0014594295542781721,0.000024366764841259574,0.0013364001357543517,0.05981067598333564,0.030979387462355724,0.020764929824522473,0.0016367487080869813,0.001648176428503698,0.0002253915543722296,0.023509823806668093,0.000026417556762123338,0.13427852078076974,0.006076032351337857,0.006091115901632532,0.0002225297791178627,0.017526885279763812
python-guide,2,0.00625,0.07474306483957219,0.008480949197860962,0.008480949197860962,0.000390625,0,0.00078125,0.06990725267379679,0.021927222593582887,0.04445604946524064,0.0018403241978609624,0.0018403241978609624,0,0.0845630013368984,0,0.08970797125668449,0.005078125,0.005078125,0.000390625,0.06772852606951872
php-src,978,0.05012795048234407,0.06807242264378842,0.05844716707675676,0.058398618216801305,0.04715196554086209,0.007535484867887272,0.045114173055086776,0.014537944009314878,0.021028363185165162,0.014625473415247132,0.023743593387370254,0.023729338873954,0.022662984733001334,0.007891696214311421,0.014127967066488143,0.012841580762497008,0.005266020315604338,0.005267885220748018,0.004749931936827416,0.00554606920282326
phabricator,2997,0.004235996986990533,0.027826930014472156,0.08985689563373252,0.0895105410986804,0.05430663331474211,0.000019569559534602745,0.008050036588431996,0.007240338132779981,0.02399271181675811,0.005138633201001803,0.03483878740042603,0.03464177072774037,0.004696157252956171,0.0026997190455729865,0.03667948849665484,0.00013532699080238275,0.0038843733546898244,0.003923032646237538,0.011438802366779782,0.038303884893950736
octopress,25,0.013437310486881985,0.023141356257499534,0.037469528709038864,0.03693136111178161,0.0016183408091792054,0,0.0038360742040754164,0.055149026744301874,0.041109265243444985,0.021718185032395823,0.007153122902715804,0.007285803908802976,0.009048294317935121,0.02119332017153261,0.00034582132564841503,0.041086631620204185,0.009496152611699189,0.009583417087957126,0.011380460311411546,0.03169888445372947
moment,191,0.05790397495426237,0.1055818204724366,0.0923418760437276,0.0915747680000171,0.04027819226177759,0,0.0010907652335483508,0.06298074812756861,0.011194603352319928,0.046252819752419044,0.02560095534178642,0.024842199213999095,0.001973704107627316,0.052734565336711184,0,0.000022952761055911633,0.018226961460497744,0.018217258879712504,0.0012801427930559854,0.04346913292507685
middleclass,9,0.030024005764913812,0.07178935629278725,0.13537090939885013,0.13530433593503283,0,0,0.0013819789939192924,0.04827068038251703,0.03614228478046306,0.0019897773610221825,0.005342214590489479,0.005342214590489479,0,0.02310119685055633,0,0.0002763957987838585,0.0020342684549371887,0.0020342684549371887,0.00020729684908789387,0.05649042728846249
libgit2,433,0.038354733630163715,0.07788566317077683,0.09375076112438617,0.09372700616881706,0.07572354583944563,0.003654503499458329,0.033429718978740364,0.010060631444845173,0.01959103287393286,0.033327782456212734,0.016780118734272733,0.01672238609636767,0.010640526098889113,0.002051952111433874,0.01137990690623038,0.009505482751525253,0.004161784607637544,0.004159923126522011,0.003426058015693971,0.002079467461801897
libgdx,1790,0.032087727362661043,0.03560360417046322,0.052070534659733936,0.05204992750922907,0.04926398983901744,0.00027728484125350277,0.03599908975494983,0.08492501136013283,0.015341271325288147,0.006227196588699244,0.02015006460596006,0.020059587716672957,0.012930780351841916,0.003997633676786056,0.00016526072878483755,0.0006267737139217733,0.003308144781617874,0.0033035378714652394,0.0027297560476760453,0.0005641387649029361
lapis,47,0.04143981511144752,0.05821777608653859,0.06749602229967275,0.06739708911290897,0.007427742847318374,0,0.001043821926464564,0.030321792035619632,0.06990331442796184,0.05680711529745367,0.016620005125549453,0.016692360686124237,0.0006040454503890221,0.008212419552156127,0,0.002152178597277797,0.017163398512441065,0.017102258869496578,0.00022161748492803524,0.009923569023701574
koreader,123,0.025632260765169196,0.05981378282259469,0.06170858097008146,0.06166425759134105,0.000683306526566262,0.0004910959593147515,0.0019772194386193024,0.06642867261909086,0.06524412365168333,0.0346083403989332,0.015741921396232213,0.01577312516536052,0.0012683410878677956,0.038646622700456476,0.000008531040189730335,0.0015716682810911697,0.010187045003757592,0.010174438688355806,0.000760129363371287,0.000879164364270715
jQuery-File-Upload,18,0.01135935344145565,0.05032891534737221,0.07029503183289716,0.0692966358664166,0.042751857839690856,0,0.022009040130086595,0.08356014254053513,0.021814896901574808,0.0016777849474559879,0.034214471254688794,0.03207916213860998,0.008784638790120612,0.03785759652874805,0,0.00012898594243707337,0.00858534088756231,0.00862454734878712,0.00032622768740319985,0.04752530408373671
huginn,176,0.013129526377394639,0.042755325666070064,0.026694778772871817,0.026501856677729644,0.0005678827161444817,0,0.0010182824296138895,0.07185819427892391,0.01693291184009083,0.028500780095760094,0.011419930847502797,0.011397369997667816,0.0006691811221667799,0.05814217304086284,0.00005930427320956745,0.011635901158253177,0.015493383310737236,0.01599900129798655,0.0063083590348793385,0.03681724950425162
haste-compiler,326,0.02705319950190549,0.03774300722083404,0.0391585895761932,0.0391318312450812,0.0007406548173608312,0.0008089852861098815,0.0035821198980195176,0.042403288269205,0.026638718978085594,0.011498802808054221,0.009626490459630687,0.009585606591397688,0.0010882936391583527,0.009740223579918392,0.019778771795709225,0.03165517388853514,0.005426241691841896,0.005522015054345199,0.0022337192567096825,0.01205170679880873
hakyll,66,0.00769935578076751,0.031918619584802015,0.0407013175355907,0.04050738284401117,0.00017127155532010828,0,0.0021462811722141356,0.0747798224372834,0.03311064822361237,0.03671194308113124,0.0042217525283538915,0.004149578147086181,0.0015730321519312363,0.002765252002707989,0.017436706869870096,0.006229945879264014,0.008503376365321266,0.008690952471697828,0.005522236645281952,0.009326321055375215
groupcache,16,0.02168830610704746,0.04327318056660821,0.05776884221941415,0.05784136851971939,0.004937884471037465,0,0.01838901901222173,0.06543894495410113,0.00662094006644518,0.030569163827684383,0.03642448536900965,0.03648582001081534,0.0026570848382563806,0.009779644057155215,0,0.00011488970588235294,0.009311360169074129,0.009311360169074129,0.00099260170841343,0.00043536369325093883
git-annex,481,0.014912593778740907,0.024720516721773403,0.026879052210813926,0.0268726331208216,0.0002650703772651939,0.000003372266145988774,0.0008722934113519151,0.05689215388514142,0.03307848682210835,0.016484517369385353,0.011419793232083817,0.011460400072569413,0.000994208240748425,0.002536487849639262,0.019636966712627137,0.006201843214069748,0.00856655811593811,0.008578791147843661,0.008018039232491102,0.0034726048189523268
ghc,4665,0.047023627596770576,0.01999043434721159,0.0434808670812322,0.04326706574038581,0.0016753175928795523,0.00016257523810365152,0.0027179189016840197,0.01827923744311177,0.04196779685668889,0.008542981893951937,0.013278622474766896,0.013302186137413618,0.0003583887361064723,0.005160462061986367,0.01746857528201449,0.02609364877992564,0.008968373233453066,0.008976705185335623,0.0008555208325914354,0.005572381561356992
fmdb,12,0.022228422172457823,0.025387650154511877,0.061149136444105016,0.061248672557326994,0.06438154033298993,0.0013270199401033645,0.022297576779552238,0.01695136598055504,0.01836407805411773,0.025135708767882143,0.023572356662709213,0.023437102574245795,0.004767098488327007,0.044927095102896275,0.0007668711656441718,0.004459008307112115,0.05322800928445096,0.05322800928445096,0.0007530960218364043,0.0019718871419309733
etcd,321,0.027287525867810244,0.053674249249633925,0.06813061426276001,0.06809660112562697,0.003347756908043719,0.00026581791346764756,0.012137716848237721,0.0741033088722042,0.011554774126781932,0.03552517375695394,0.030025891382714616,0.0298426168915824,0.0009068375916358608,0.011044306431768626,0.000021223985430585585,0.00032507117063290756,0.008983970497617545,0.008977410739620495,0.0012692365616476878,0.0013977727816398555
discourse,1313,0.013869451902621111,0.0587610474109444,0.03236068773699052,0.03223618960216343,0.0005217632294436135,0.000028392604837268955,0.0005351422152814935,0.06147103684433314,0.013938578889816726,0.020549766463933108,0.0073811038915634385,0.007308567816535374,0.0006198587084784768,0.08596373167171244,0.00006654378442806428,0.015547045631189116,0.010412667104245337,0.01047412149406882,0.011798619359440295,0.019447279179269385
diaspora,671,0.015000733323722782,0.043897753808127146,0.036378301156685666,0.03634215589349916,0.0007419355076377712,0.000001497801975600806,0.0007891946458542115,0.08436939098561207,0.018504508776616996,0.016064353810550592,0.005937954394362332,0.005904674397142726,0.0015585020924873054,0.0621748164759449,0.00010356928357268069,0.014324073948269622,0.008341734989287765,0.00836768878775798,0.007964479285248677,0.024203100215220742
composer,333,0.006475483821903577,0.03206623912162471,0.06048999251719133,0.06043660731672357,0.0464060917281717,0.000005089835598310175,0.04125572393729342,0.027272791633031028,0.020200685681856595,0.0023925571083266276,0.023020056112218374,0.022811754831572353,0.016496635477461594,0.0014946437213907318,0.027448519062473767,0.00009150012411350099,0.0044974703932248805,0.004488378188908949,0.015681536429627888,0.035691793452682176
brackets,1181,0.021394997985370128,0.07073214684547241,0.07070748164410302,0.06982579595758857,0.04801851296641529,0.000974980389439893,0.021347420785102284,0.06052898498810451,0.027331216356734304,0.02929047119626176,0.024587060526714798,0.023908817119140013,0.009639478597360212,0.0269778677244564,0.00003540383386014819,0.00025972985191857783,0.007517701284869679,0.007545621403917598,0.0009056474833859319,0.03838295924631509
backbone,20,0.015860608185527182,0.05172388689048535,0.08148146677963478,0.08129849235878485,0.06402093334464717,0,0.005427791580429253,0.0836401517167743,0.03326033755210308,0.012263070603981904,0.0297697674638362,0.02983072021538046,0.0031159354247163483,0.018489114642835217,0.000004773041859577109,0.000365203934547006,0.005835978335873588,0.005890642488668475,0.0007259314797882107,0.0344760118920509
asi-http-request,55,0.02710584411936959,0.01881184470027564,0.036468849027561846,0.0365855526866102,0.05855112644060947,0.00001123027682632377,0.017684612052100486,0.014429271337888178,0.017016304308374322,0.020020159359094486,0.01806961292820841,0.01798311551975521,0.005866991181901443,0.05228239818095893,0.0008121818442309296,0.0055079717122977585,0.07119473242293985,0.071222035510887,0.0015305217091828446,0.0013999570641362816
ansible,144,0.013866795893245862,0.04876980117907949,0.046116905819442826,0.04603524783948503,0.0016348982639738509,0.00002914772064824531,0.00079922793753754,0.06261479574792855,0.03319950108743224,0.01502460105254434,0.002026728765998874,0.0020489972875558263,0.000229860362648096,0.03052878848524658,0.000008356732183446986,0.045673874100690764,0.00928286436241643,0.009306567493436465,0.003341702335180899,0.037765630166269756
android,279,0.0109514645810561,0.022219164315524894,0.050500926595554066,0.05048428767055839,0.05333982426886046,0.0000017265074136228341,0.055574747862439544,0.10678768729069962,0.00940937566391488,0.008737864568035126,0.01452931155101601,0.014484748410624011,0.01829229748618142,0.00367403025770659,0,0.00014639866844794064,0.0010051127058782131,0.0010051127058782131,0.004132915756047657,0.0003036905933503814
android-async-http,48,0.011086605230037223,0.03767049017716233,0.06626353596132424,0.06629356217535659,0.059306108964573445,0.000025313892264074522,0.016445563371463696,0.08692692484168107,0.012131657328624078,0.010604481218221504,0.03119652138322787,0.030853268943893657,0.0066395452790955845,0.0023622327040055693,0,0.0006563864359160661,0.006288007681728668,0.006288007681728668,0.0027400235592071765,0.0016844105088701115
ZeroBraneStudio,2952,0.029633931228584102,0.07630148537265975,0.053045572753842724,0.05288466396248808,0.002148487377555717,0.0009660008925633806,0.0016125149087737934,0.0453303008633012,0.062070010060378926,0.04950471599694876,0.013976913040172713,0.013938520544684514,0.0007019727602289178,0.017048459290603616,0.00004987295937124362,0.00101933900906265,0.01796435944113992,0.017828486104572952,0.0008456177102978389,0.01789941732436826
WordPress,521,0.018230337633242184,0.026699183307861418,0.05627787126132724,0.05569969120103512,0.03379943202690443,0.00018601647271308114,0.04235271525171927,0.028248082928512327,0.02377924256079745,0.014693414664837192,0.0073930368053005775,0.0073097955482585774,0.015249450343026856,0.005707166270757949,0.007332195431297967,0.0026245745293497534,0.008064845618496729,0.008079132934320955,0.03599561650798493,0.06899028525508906
ReactiveCocoa,152,0.024687098061653666,0.022737874708361232,0.06465740000266465,0.06465168859165155,0.058047275017351914,0,0.01899832740544533,0.04638538494120755,0.018216366589621114,0.021422876833018252,0.021902043272672436,0.021892919793559378,0.004881537546909871,0.03185547117380221,0.000657615423325314,0.016930851839830164,0.02892167563876093,0.028928191696188366,0.0018591575290802735,0.0005396941358078193
ProjectTox-Core,45,0.06336708276674768,0.054861019084086846,0.06613515072799053,0.06603736466576896,0.06128736139639687,0.0036268690195750248,0.04481037593320785,0.020839465382063868,0.02075973405193324,0.010641806628589387,0.013713504696813336,0.01361615805129923,0.013361432173711066,0.0026990336811168274,0.01599136093851076,0.010661317936538246,0.013284934988416479,0.013284934988416479,0.005342724578830054,0.001091741400218108
Probabilistic-Programming-and-Bayesian-Methods-for-Hackers,16,0.06437725049661001,0.0668059709646014,0.06612738119964383,0.06593022031636307,0.00015903307888040714,0,0.0034634057469718443,0.05977010157284146,0.0675934375628539,0.0362179483876225,0.0010274789388828663,0.0010274789388828663,0.003052726338917655,0.02196975560428251,0,0.016411296631058073,0.030402161742935814,0.030402161742935814,0.0006006326808636003,0.004569602413578732
MagicalRecord,91,0.014713724659041414,0.019916782070663833,0.046355712936783276,0.04636148750903183,0.04448956982749895,0,0.022240643086471463,0.03522922107627397,0.018234210955269843,0.02384819025205142,0.018282971262058786,0.018089852759499384,0.006133123199674902,0.03308021724336504,0,0.014009972220473007,0.03351314451129852,0.03351314451129852,0.000540439208313996,0.00040403246284791567
MBProgressHUD,4,0.030237857708315663,0.022141469438988266,0.03946953301415063,0.03946953301415063,0.06384729243566593,0,0.013828204619382618,0.05755624445843899,0.02632144015122592,0.008729634045816281,0.017482139279589297,0.017482139279589297,0.0008026120964879113,0.026862003553406642,0,0.012859138411193467,0.0413551991888059,0.0413551991888059,0.0035709298527368803,0
How-to-Make-a-Computer-Operating-System,239,0.03945226695455693,0.031204336600175818,0.06531617666370164,0.06512515199923447,0.0605939164640937,0.001080538771390191,0.032452385851498323,0.03673230619074941,0.021342073824642357,0.004852862391548095,0.03165034894911185,0.0315864847056574,0.0067988916908056935,0.0020772191220368975,0.005257371981947744,0.03508482821577009,0.002677619057484035,0.0026761876170398303,0.03842254695421596,0.005129805298892279
DesignPatternsPHP,171,0.004712795542121992,0.009568084656799166,0.04302603196332307,0.04287792802585289,0.05075811414421729,0,0.0783221328767305,0.003835964249715453,0.010422427694496613,0.0024838001078991974,0.03140319241590315,0.03120344523941926,0.05528323308182596,0.0018431551590793178,0.021815964324685036,0.000011013094569443067,0.00210008721109591,0.00210008721109591,0.01598664558889767,0.010703941046303525
Android-ViewPagerIndicator,42,0.012335073554130261,0.009336119139575185,0.08381542407366609,0.08381542407366609,0.08375300056597412,0.0016069912757682998,0.007212904394248056,0.12531475976382186,0.023027057788821092,0.003288842527407962,0.020874923034215804,0.020864296154586476,0.0031046795122936714,0.0011342771461279612,0,0.00001324466027087102,0.002131206318879547,0.002131206318879547,0.0014586474404986373,0.000010626879629334439